,Comment,tokenized_sents,tokenized_words
0,"""Hello there, how are you? Weather is awesome. Its raining here now.""","['""Hello there, how are you?', 'Weather is awesome.', 'Its raining here now.""']","['``', 'Hello', 'there', ',', 'how', 'are', 'you', '?', 'Weather', 'is', 'awesome', '.', 'Its', 'raining', 'here', 'now', '.', ""''""]"
1,"""Hello Mr. Raja, how are you? Weather is awesome. Its raining here now.""","['""Hello Mr. Raja, how are you?', 'Weather is awesome.', 'Its raining here now.""']","['``', 'Hello', 'Mr.', 'Raja', ',', 'how', 'are', 'you', '?', 'Weather', 'is', 'awesome', '.', 'Its', 'raining', 'here', 'now', '.', ""''""]"
2,"""Hello Mr. Raja, how are you. Weather is bad. Its heavily raining here now.""","['""Hello Mr. Raja, how are you.', 'Weather is bad.', 'Its heavily raining here now.""']","['``', 'Hello', 'Mr.', 'Raja', ',', 'how', 'are', 'you', '.', 'Weather', 'is', 'bad', '.', 'Its', 'heavily', 'raining', 'here', 'now', '.', ""''""]"
3,"""NLP is great technique. It is nice to learn this technique.""","['""NLP is great technique.', 'It is nice to learn this technique.""']","['``', 'NLP', 'is', 'great', 'technique', '.', 'It', 'is', 'nice', 'to', 'learn', 'this', 'technique', '.', ""''""]"
4,"""AI is making difference in this world now.  It would be helpful for betterment of human life. We need to make advantage of that.""","['""AI is making difference in this world now.', 'It would be helpful for betterment of human life.', 'We need to make advantage of that.""']","['``', 'AI', 'is', 'making', 'difference', 'in', 'this', 'world', 'now', '.', 'It', 'would', 'be', 'helpful', 'for', 'betterment', 'of', 'human', 'life', '.', 'We', 'need', 'to', 'make', 'advantage', 'of', 'that', '.', ""''""]"
